{
    "fossils": [
        {
            "type": 1,
            "name": "",
            "desc": "Doo do daat dat-",
            "flavor": "oh god",
            "classification": 1,
            "prefabIndex": 7,
            "xy": [
                1.4453201293945313,
                0.6029556393623352
            ],
            "scale": [
                0.8866994976997376,
                0.8866994976997376,
                1.0
            ],
            "rotation": [
                0.0,
                0.0,
                0.0
            ]
        },
        {
            "type": 1,
            "name": "",
            "desc": "Doo do daat dat-",
            "flavor": "oh god",
            "classification": 1,
            "prefabIndex": 11,
            "xy": [
                -5.382266044616699,
                2.0748767852783205
            ],
            "scale": [
                3.54679799079895,
                3.54679799079895,
                1.0
            ],
            "rotation": [
                0.0,
                0.0,
                0.0
            ]
        }
    ]
}