{
    "fossils": [
        {
            "type": 1,
            "name": "",
            "desc": "Doo do daat dat-",
            "flavor": "oh god",
            "classification": 1,
            "prefabIndex": 5,
            "xy": [
                -5.01255464553833,
                1.2818207740783692
            ],
            "scale": [
                -1.0,
                1.0,
                0.08023321628570557
            ],
            "rotation": [
                0.0,
                0.0,
                0.0
            ]
        },
        {
            "type": 1,
            "name": "",
            "desc": "Doo do daat dat-",
            "flavor": "oh god",
            "classification": 1,
            "prefabIndex": 8,
            "xy": [
                0.6108999848365784,
                0.4544000029563904
            ],
            "scale": [
                2.6419999599456789,
                2.7107999324798586,
                0.08023321628570557
            ],
            "rotation": [
                0.0,
                0.0,
                317.18670654296877
            ]
        }
    ]
}