{
    "fossils": [
        {
            "type": 1,
            "name": "",
            "desc": "Doo do daat dat-",
            "flavor": "oh god",
            "classification": 1,
            "prefabIndex": 11,
            "xy": [
                -6.070000171661377,
                2.3399999141693117
            ],
            "scale": [
                4.0,
                4.0,
                0.08023321628570557
            ],
            "rotation": [
                0.0,
                0.0,
                0.0
            ]
        },
        {
            "type": 1,
            "name": "",
            "desc": "Doo do daat dat-",
            "flavor": "oh god",
            "classification": 1,
            "prefabIndex": 7,
            "xy": [
                1.6299999952316285,
                0.6800000071525574
            ],
            "scale": [
                1.0,
                1.0,
                0.08023321628570557
            ],
            "rotation": [
                0.0,
                0.0,
                0.0
            ]
        }
    ]
}