{
    "fossils": [
        {
            "type": 1,
            "name": "",
            "desc": "Doo do daat dat-",
            "flavor": "oh god",
            "classification": 1,
            "prefabIndex": 21,
            "xy": [
                -5.730000019073486,
                -0.6399999856948853
            ],
            "scale": [
                4.0,
                4.0,
                0.08023321628570557
            ],
            "rotation": [
                0.0,
                0.0,
                330.0677185058594
            ]
        },
        {
            "type": 1,
            "name": "",
            "desc": "Doo do daat dat-",
            "flavor": "oh god",
            "classification": 1,
            "prefabIndex": 5,
            "xy": [
                2.3509271144866945,
                0.7759338617324829
            ],
            "scale": [
                1.0,
                1.0,
                0.08023321628570557
            ],
            "rotation": [
                0.0,
                0.0,
                0.0
            ]
        }
    ]
}