{
    "fossils": [
        {
            "type": 7,
            "topQuality": 0.6400003433227539,
            "quantity": 4
        },
        {
            "type": 11,
            "topQuality": 0.7800002098083496,
            "quantity": 1
        }
    ],
    "stage": 0
}