{
    "fossils": [
        {
            "type": 7,
            "topQuality": 0.8700001239776611,
            "quantity": 5
        },
        {
            "type": 11,
            "topQuality": 0.9500000476837158,
            "quantity": 3
        }
    ],
    "stage": 0
}